{
   "Christian": [
      6001,
      "127.0.0.1",
      1612014919.7975929,
      true
   ],
   "Teodoro": [
      6002,
      "127.0.0.1",
      1612014978.90657,
      false
   ]
}
